URL,Category
investasiterpercaya.com,Investasi
investasi-hoki.blogspot.co.id,Investasi
investasijutawan.com,Investasi
investasi-ua.com,Investasi
jutawaninvestasiu.blogspot.co.id,Investasi
monexinvestindo.tk,Investasi
ptmonex-investindo.ml,Investasi
forexinvestama.com,Investasi
investasisahammandiri.blogspot.co.id,Investasi
adult.private-investors-union.com,Investasi
alhambrainvestment.com,Investasi
amateur-invest.com,Investasi
assinvestor.com,Investasi
brockbankinvestment.com,Investasi
csi-sex-investigation.uwstart.nl,Investasi
doverinvestigations.com,Investasi
folderinvest.com,Investasi
gay-xxx-web-cam.zhitlo-invest.sumy.ua,Investasi
goinvestfirst.com,Investasi
individualinvestor.com,Investasi
insiteinvestments.com,Investasi
invescom.com,Investasi
invesindoprofit.net,Investasi
invest-leo.com,Investasi
investasibankmandiri.blogspot.com,Investasi
investasisejahtera.com,Investasi
investasisfx.com,Investasi
investbabe.com,Investasi
investinus.org,Investasi
investmarket.org,Investasi
investment-workshops.com,Investasi
investsecure.net,Investasi
ispinvestor.com,Investasi
jwl-investment.com,Investasi
mandiriinvesta.com,Investasi
mma-investments.com,Investasi
nextinvestments.com,Investasi
porno-investigator.com,Investasi
portugalinvest.net,Investasi
privat-invest.xxx,Investasi
queerinvestor.com,Investasi
satriainvestmentglobal.co.id,Investasi
sci-invest.com,Investasi
syariahinvestment.com,Investasi
tgp-investments.com,Investasi
tradeinvestmentssamoa.ws,Investasi
tradinginvestama.com,Investasi
valburyinvestasi.com,Investasi
worldlyinvestor.com,Investasi
focusinvest.biz,Investasi
monexinvestindofutures.cf,Investasi
investasitogelsingapura.blogspot.com,Investasi
investasi-fgb.com,Investasi
investasifortis.com,Investasi
investamagroup.com,Investasi
investigasimaya.com,Investasi
kubinvest.ru,Investasi
investasitogelsingapura.blogspot.co.id,Investasi
smart-investor-togel.blogspot.co.id,Investasi
togelinvest.com,Investasi
investtogelmarket2.blogspot.com,Investasi
clinvest.su,Investasi
quinvesoutug.ml,Investasi
thankful-investor.cf,Investasi
amateurinvestor.org,Investasi
investasitogel999.blogspot.com,Investasi
investku.net,Investasi
cyclical-investing.com,Investasi
invest-crimea.info,Investasi
investgram.ru,Investasi
investicijsko-zlato.eu,Investasi
investorangka.com,Investasi
ratuinvest.com,Investasi
invesvedismf.blogspot.com,Investasi
sourcesinvestment.ml,Investasi
advancedsolarinvestments.com,Investasi
personalinvestment.eu,Investasi
sibinvestgarant.ru,Investasi
sochiinvestproect.ru,Investasi
vietnaminvest.ru,Investasi
invest-betting.blogspot.com,Investasi
investasiunitedasia.id,Investasi
corner-invests.ml,Investasi
lombokinvestigasi.blogspot.com,Investasi
investasiuaf.com,Investasi
investasitogelsingapore.blogspot.com,Investasi
nailsinvestments.com,Investasi
news.education.investing.com,Investasi
ckr-invest.ru,Investasi
deeperinvestigation.tumblr.com,Investasi
drinvesftingnons.ml,Investasi
lasinvestors.ga,Investasi
regionalinvestmentconference.eu,Investasi
statisticalinvesting.com,Investasi
suicide-investment.ml,Investasi
buryatia-invest.ru,Investasi
investasi18.blogspot.com,Investasi
investasi69.blogspot.com,Investasi
investasibisnis69.blogspot.com,Investasi
oatesinvestments.com,Investasi
euinvestunion.com,Investasi
investasimgf.com,Investasi
investasif.com,Investasi
divorcedwivesreadylove.investistanbul.eu,Investasi
invest46.ru,Investasi
investinscience.eu,Investasi
invesvifonline.com,Investasi
investasiunitedasia.blogspot.com,Investasi
ask-invest.ru,Investasi
invest-skill.ga,Investasi
investingstock.info,Investasi
omsaifinvest.com,Investasi
praginvest.eu,Investasi
investasi-mif.com,Investasi
investasi-mmi.com,Investasi
investuntung.com,Investasi
skywayinvestgroup.com,Investasi
seo-invest.ru,Investasi
investasi-uaf.com,Investasi
cartinvest.ru,Investasi
stockoptioninvestor.blogspot.com,Investasi
forexbinaryinvesments.com,Investasi
fastinvestasi.id,Investasi
investor365.top,Investasi
investasi-online.ltd,Investasi
lab-invest.ru,Investasi
pso-invest.ru,Investasi
reactorinvestment.tk,Investasi
pf-investasi.com,Investasi
pf-investasi.net,Investasi
p2pinvest.net,Investasi
oblinvestor.ru,Investasi
investasikpf.com,Investasi
cdn.oinvest.com,Investasi
kif-investments.info,Investasi
mandiriinvest.blogspot.com,Investasi
clubinvestasimandiri.blogspot.com,Investasi
investasikumandiri.blogspot.com,Investasi
investous.com,Investasi
investasidanasukses.blogspot.com,Investasi
joininvestasionlinetrusted.blogspot.com,Investasi
mandiri-invest.blogspot.com,Investasi
investlipetsk.ru,Investasi
situsinvestasi.site,Investasi
investment-judi-online.blogspot.com,Investasi
wltinvestments.com,Investasi
investasimajoris.com,Investasi
garuda-investasi.com,Investasi
pt-investasi.blogspot.com,Investasi
investasidanasukses.co.id,Investasi
investasi-unitedesia.com,Investasi
uafinvestasi.com,Investasi
investedapp.com,Investasi
investinclimate.org,Investasi
investasidana.online,Investasi
investigasi-bukalapak.com,Investasi
investasidanaonlinee.blogspot.com,Investasi
investment-judionline.blogspot.com,Investasi
investasiforexmingguan.blogspot.com,Investasi
investasiforex.com,Investasi
investsciencesee.info,Investasi
investasi-dana-online.blogspot.com,Investasi
oinvest.com,Investasi
recoveryinvestasi.blogspot.com,Investasi
lp-oinvest.com,Investasi
octafx.investments,Investasi
twistinvest.com,Investasi
investmentjudionline.blogspot.com,Investasi
investasi-dana.com,Investasi
investasidanaonline.com,Investasi
mandirinvestasi.wordpress.com,Investasi
recoveryinvestasidana.blogspot.com,Investasi
investasi-judionline.com,Investasi
investasi-judionline77.blogspot.com,Investasi
reinvestinitiative.org,Investasi
investasitama.com,Investasi
investasipoker.online,Investasi
investasijoinonline.blogspot.com,Investasi
investasirecovery88.blogspot.com,Investasi
dana-investing.com,Investasi
investasidanapoker.com,Investasi
investasidanaaonline.blogspot.com,Investasi
investasijudionline777.blogspot.com,Investasi
howtoinvestingmoney4u.info,Investasi
investasirecoverydanasukses2020.blogspot.com,Investasi
joininvestasrecoveryionline.blogspot.com,Investasi
investasidana.com,Investasi
joininvestasititipdana.blogspot.com,Investasi
investasidanasukses2525.blogspot.com,Investasi
recoverydanainvestasi.blogspot.com,Investasi
recoveryinvestasidanasuksess.blogspot.com,Investasi
investment-union.eu,Investasi
danainvestasionline25.blogspot.com,Investasi
danainvestasisuksess.blogspot.com,Investasi
investingsuksesrecovery.blogspot.com,Investasi
recoveryjoin-investasi.blogspot.com,Investasi
invest-to.net,Investasi
investasidanasukses.com,Investasi
zeinvestingant.pw,Investasi
investasisukses.com,Investasi
thinkmarkets.investments,Investasi
investasiagenpoker.com,Investasi
investasionline1799.blogspot.com,Investasi
garudaberjangkainvestasi.blogspot.com,Investasi
investasiintaforextbk.blogspot.com,Investasi
investasijudionline444777.blogspot.com,Investasi
investor-sib.com,Investasi
lp-101investing.com,Investasi
lp-2invest.com,Investasi
lp-roinvesting.com,Investasi
topinvestus.com,Investasi
investasi-otm.com,Investasi
investasi-pf.com,Investasi
investasi-pf.id,Investasi
investasi-wiif8.com,Investasi
cryptoinvestfinance.com,Investasi
jacksoninvestltd.com,Investasi
xglobalinvest.com,Investasi
investasi4200.blogspot.com,Investasi
investasititipdanasukses.blogspot.com,Investasi
recoveriinvestasidana.blogspot.com,Investasi
salaminvestasi.com,Investasi
investasirecoverydana.com,Investasi
pttirta-investama2020.blogspot.com,Investasi
investchechnya.ru,Investasi
sexualinvestigation.x.fc2.com,Investasi
roinvesting.com,Investasi
investasi-asuransi-bni-life-bandung.blogspot.com,Investasi
investlife.club,Investasi
whittworthinvesting.com,Investasi
nepalinvestorsforum.org,Investasi
investmarkets.com,Investasi
qaratinvest.com,Investasi
investigasiangka.com,Investasi
arizonaparanormalinvestigations.com,Investasi
forinvester.com,Investasi
gctinvestments.com,Investasi
investir-or.com,Investasi
invest23d.blogspot.com,Investasi
agentogelbebasinvest.blogspot.com,Investasi
bettinginvest.co,Investasi
investlite.com,Investasi
infoinvestor.wordpress.com,Investasi
investasiterbaik.mypixieset.com,Investasi
investdrinks.org,Investasi
invest7.se,Investasi
valueinvestingletter.com,Investasi
paketinvestasi.site.live,Investasi
btcinvestments.org,Investasi
bareksainvestasiku.blogspot.com,Investasi
investorangka.net,Investasi
coinvestasi-trade.com,Investasi
octafx-investama.com,Investasi
octa-investama.com,Investasi
octafxbinvestama.com,Investasi
shamaninvest.space,Investasi
autotradegoldinvest.com,Investasi
binomo-investment.com,Investasi
ifxinvest.net,Investasi
octainves-tama.com,Investasi
xminvestment.com,Investasi
investoto.org,Investasi
workforceinvestmentnetwork.com,Investasi
roinvesting.store,Investasi
thecynicalinvestor.net,Investasi
investasiid.com,Investasi
cvinvestasi.com,Investasi
trimegahinvestasi.blogspot.com,Investasi
investigaccio.org,Investasi
unitedinvestorsclub.com,Investasi
giginvest.net,Investasi
faspay-invest.com,Investasi
themeparkinvestigator.com,Investasi
zonainvest.com,Investasi
mauritiusinvest.ru,Investasi
investmentgambling.com,Investasi
investoto.art,Investasi
togelbebasinvest.blogspot.com,Investasi
inves.id,Investasi
kurdistaninvestment.org,Investasi
investerarbrevet.live,Investasi
tangrealtyinvestments.com,Investasi
investment-splendid2786.tumblr.com,Investasi
tradeeasy.com,Trade
adulttrade.net,Trade
indoweltradecom.com,Trade
starpeaktrade.com,Trade
indonesiantradersecrets.com,Trade
tradegoods.info,Trade
18ans.picturetrades.com,Trade
18plustrades.com,Trade
2trades.com,Trade
actradersolutions.com,Trade
addtrades.com,Trade
adult-link-trade.com,Trade
adult-link-trades.com,Trade
adult-trade.com,Trade
adult-trades.com,Trade
adult-traffic-trade-sites.com,Trade
adulthardlinktrade.com,Trade
adultmarkettrade.com,Trade
adultrader.com,Trade
adultsitestraffictrade.com,Trade
adulttradecenter.com,Trade
adulttraders.com,Trade
adulttrades.com,Trade
adulttrades.nl,Trade
adulttradeshowdesign.com,Trade
adulttraffictrade.com,Trade
adulttraffictrades.com,Trade
adultxtrade.com,Trade
amateurtrade.com,Trade
amateurtrades.com,Trade
amateurtrades.nl,Trade
amateurtraffictrade.com,Trade
amature.picturetrades.com,Trade
anal-videos.picturetrades.com,Trade
andalastrade.com,Trade
ar1.picturetrades.com,Trade
argentrader.com,Trade
asiantrade.com,Trade
austriantradeus.org,Trade
avatrade.com,Trade
avatrader.com,Trade
avs-trade.com,Trade
avstrade.com,Trade
awgtrade.com,Trade
awm-trades.com,Trade
axitrader.com,Trade
baretraders.com,Trade
bartercardtrade.com,Trade
beachtraders.com,Trade
bootytrade.com,Trade
carmenelectradesnuda.com,Trade
celebritytrade.com,Trade
chelny-trade.ru,Trade
china-trade.org,Trade
choicetrader.com,Trade
clicks.traffictrader.net,Trade
clicktrader.com,Trade
clicktrader.de,Trade
cocktrade.com,Trade
cocotrade.pe.kr,Trade
dawootrade.com,Trade
day-traderz.com,Trade
dialertrader.com,Trade
dtrades.com,Trade
dyechemtrade.com,Trade
dyketrader.com,Trade
ebonytrade.com,Trade
ethnicgirls.picturetrades.com,Trade
eurotradehub.com,Trade
ffltrade.com,Trade
findtrades.com,Trade
fleshtrade.com,Trade
freelinktrade.com,Trade
freshtrades.com,Trade
gayhometrade.com,Trade
gays-trade.com,Trade
gaytrade.fsn.net,Trade
goodtrade.com,Trade
goodtrades.nl,Trade
grandmastertrader.com,Trade
grufftrade.com,Trade
hairytrade.com,Trade
hardlinktrades.info,Trade
hot-stock-trader.com,Trade
hot-trade.com,Trade
hotpicturetrades.com,Trade
incest-trade.com,Trade
inkotrade.com,Trade
instafxtrader.com,Trade
isar-nacktradeln.de,Trade
itraderacademy.com,Trade
jakeat.picturetrades.com,Trade
javcentral.javtrade.net,Trade
just2trade.com,Trade
legs.picturetrades.com,Trade
link-trade.com,Trade
link-trader.com,Trade
linktrader.de,Trade
lovetrade.de,Trade
lpp.picturetrades.com,Trade
mariskastgp.picturetrades.com,Trade
matrade-lax.com,Trade
men4trade.com,Trade
moatrade.com,Trade
modeltraders.com,Trade
montrealsextrade.com,Trade
motorheadtrader.com,Trade
msttrade.info,Trade
multrade.co.kr,Trade
nakeddaytrader.com,Trade
nichetraders.com,Trade
nichetraffictrades.com,Trade
nonudetrades.com,Trade
nudegalleries.picturetrades.com,Trade
oakdaytrader.com,Trade
pacifictrades.com,Trade
pantytrader.com,Trade
pasha-trade.com,Trade
peelover.picturetrades.com,Trade
picturetrader.de,Trade
picturetrades.com,Trade
pimptrades.com,Trade
pinktrader.com,Trade
placetrade.com,Trade
porndvdtrader.com,Trade
pornoforpyros.letrademusica.net,Trade
pornograffiti.letrademusica.net,Trade
pornotrade.com,Trade
pornotraders.com,Trade
porntrade.fsn.net,Trade
porntraderclub.com,Trade
porntraffictrades.com,Trade
prostitutiontrade.ru,Trade
pussytrade.com,Trade
pussytrades.com,Trade
putradewa.com,Trade
qinghaitrade.com,Trade
rape-trade.com,Trade
rentrade.co.kr,Trade
schoolteens.picturetrades.com,Trade
scottrades.com,Trade
sex-trade.com,Trade
sex.politrade-food.ru,Trade
sexclubero.intechtrade.co.kr,Trade
sexotrade.com,Trade
sextrade.de,Trade
sextrade.net,Trade
sextrade.nl,Trade
sextrade.org,Trade
sextrade24.com,Trade
sextrader.co.uk,Trade
sextrader.co.za,Trade
sextrader.com,Trade
sextrader.net,Trade
sextrader.nl,Trade
sextraders.com,Trade
sexwebtrade.com,Trade
sexxxtrader.com,Trade
sexytraders.com,Trade
sircane.picturetrades.com,Trade
skirts.picturetrades.com,Trade
slavesbytrade.com,Trade
slavetrade.com,Trade
sma-trade.net,Trade
smuttrade.com,Trade
softcorehardcoretraffictrade.com,Trade
sogotrade.com,Trade
speedtrader.com,Trade
spider.freebannertrade.com,Trade
straight-trade.com,Trade
tantradenver.com,Trade
tantradeva.com,Trade
teen-trade.com,Trade
tgpman.picturetrades.com,Trade
tgptrades.com,Trade
thenewpornographers.letrademusica.net,Trade
theporntrader.com,Trade
thongtrader.com,Trade
thumbtrader.com,Trade
tonguetraders.com,Trade
trade12.com,Trade
tradecentre.voorjou.com,Trade
tradecentre.zerodesigns.nl,Trade
tradeexchanges.com,Trade
tradeher.com,Trade
tradeinfo.pe.kr,Trade
tradeinvestmentssamoa.ws,Trade
trademarket.co.kr,Trade
trademen.com,Trade
tradephotos.com,Trade
tradeporno.com,Trade
trader.ontheweb.nl,Trade
traderguy.com,Trade
tradersfamily.com,Trade
tradesex.com,Trade
tradesexygold.com,Trade
tradesgear.com,Trade
tradestart.nl,Trade
tradetamer.com,Trade
tradetgp.com,Trade
tradetraffic.info,Trade
tradetraffic.net,Trade
tradewharf.com,Trade
traffic-trader.de,Trade
traffic4trade.com,Trade
traffictrade.info,Trade
traffictrade.net,Trade
traffictraders.com,Trade
twinktraders.com,Trade
video.usatrade.nl,Trade
wallpapers.picturetrades.com,Trade
web-traders.net,Trade
westvillage.picturetrades.com,Trade
wifepictrade.com,Trade
wifetrader.com,Trade
wifetrader.org,Trade
wifetrades.com,Trade
worldgametrade.org,Trade
wwv.picturetrades.com,Trade
x-trade.info,Trade
xxx-trade.com,Trade
xxx-trades.info,Trade
xxx.picturetrades.com,Trade
xxxtrader.com,Trade
xxxtrader.nl,Trade
xxxtraders.com,Trade
yasex.intechtrade.co.kr,Trade
nekopoi.trade,Trade
kurodesu.trade,Trade
legendtradery.tumblr.com,Trade
hentaikuindo.trade,Trade
ghazitraders.com,Trade
tradecomesa.com,Trade
asallkebab.trade,Trade
carouseltrader.com,Trade
inkotrade.ru,Trade
socktrade.com,Trade
worldtradedirectory.asia,Trade
olymptrade.co.id,Trade
olymptrade.id,Trade
bktrade.ru,Trade
jeep-trader.com,Trade
shannong.sexdating.trade,Trade
shannonhx.sexdating.trade,Trade
sharonzd.sexdating.trade,Trade
shawnr0.sexdating.trade,Trade
sylviakh2.sexdating.trade,Trade
veronicads.sexdating.trade,Trade
victoriauw.sexdating.trade,Trade
judinaga.trade,Trade
sportytrader.com,Trade
sportytrader.pt,Trade
yumtrade.net,Trade
fbs.trade,Trade
olymptrade.com,Trade
filmbokep.trade,Trade
allisonp.sexdating.trade,Trade
alyssa7r.sexdating.trade,Trade
amanda4k.sexdating.trade,Trade
angiek.sexdating.trade,Trade
lindai.sexdating.trade,Trade
lisa3x.sexdating.trade,Trade
lisak.sexdating.trade,Trade
lisakm.sexdating.trade,Trade
marisolgl.sexdating.trade,Trade
marynp.sexdating.trade,Trade
melanier.sexdating.trade,Trade
mia3.sexdating.trade,Trade
miztl.sexdating.trade,Trade
nicoleo.sexdating.trade,Trade
patriciagf.sexdating.trade,Trade
advtex-trade.ru,Trade
rti-trade.ru,Trade
sexdating.trade,Trade
tradeselfies.live,Trade
links4trade.com,Trade
originaltrades.top,Trade
cfd-trader.ru,Trade
fairtradenap.net,Trade
axitrader.group,Trade
olymptrade-id.com,Trade
olymptrade-otzivy.com,Trade
weltrade.com,Trade
860-pornpornporn.traders-journal.ru,Trade
opendigital.trade,Trade
tltrade.ru,Trade
trader-notes-2013.blogspot.com,Trade
avtotrade96.ru,Trade
daytraderband.com,Trade
forextrade7day.blogspot.com,Trade
internationaltraderesources.blogspot.com,Trade
guttertrade.com,Trade
tradestation.com,Trade
indobinarytrader.com,Trade
traders-trust.com,Trade
roughtradeproducers.com,Trade
collegegirltraded.blogspot.com,Trade
driveretrade.olympstr.ru,Trade
logcabintrade.blogspot.com,Trade
mp4-428.eurospectrade.ru,Trade
slave-traders.tumblr.com,Trade
trademalla.ga,Trade
trademark-548.izumi-rest.ru,Trade
trademark-sjuqrq.tatami-sushi.ru,Trade
edaytradertax.com,Trade
jordansretrotrade.com,Trade
freeporntrade.eu,Trade
freeporntrade.xyz,Trade
teenmilfmpeg.traders-journal.ru,Trade
tradeoffnow.com,Trade
trader4pc.blog.fc2.com,Trade
bestsexfreevideos.tradee.ru,Trade
boss-sexy.traders-journal.ru,Trade
free-sex-chatsite.atmose-trade.ru,Trade
trade.nude.hu,Trade
adulttradecenter.nl,Trade
uggbootswomentrade.us.com,Trade
activtrades.com,Trade
24-7-latina-sex-34.traders-journal.ru,Trade
footfuckedsluts.tradee.ru,Trade
nudechainvideo327.tradee.ru,Trade
trade-compani.ru,Trade
xxx-photographs666.tradee.ru,Trade
weltrade.id,Trade
id-olymtrade.com,Trade
extradeamazing.blogspot.com,Trade
gaysweattrade.blogspot.com,Trade
tradexxx.xyz,Trade
967-black-freaks-fucking.traders-journal.ru,Trade
automatictrade.ru,Trade
sigmatrade-ltd.ru,Trade
textil-trade.ru,Trade
trade.bigboobsparadise.com,Trade
tradexxxporn.xyz,Trade
vw-balttrade.ru,Trade
id-olymptrade.com,Trade
olymptrade.binaryoptionindo.com,Trade
olymptrade.broker,Trade
olymptrade.world,Trade
olymptradeindo.com,Trade
adultwebmastertrades.com,Trade
brazil-class.vistrade.ru,Trade
incestflix.trade,Trade
passwords.trade,Trade
porntubemadthumbs.vistrade.ru,Trade
sexytrades.net,Trade
xtraffic.trade,Trade
hairyolderxxx.vistrade.ru,Trade
trade.stockingparadise.com,Trade
tradedbasics.tk,Trade
traderblacklist.com,Trade
wpfisexpanded355.vistrade.ru,Trade
appareltrade.net,Trade
tradercents.com,Trade
tradewithzen.com,Trade
octaidn.trade,Trade
idolymptrade.com,Trade
official.idolymptrade.com,Trade
olymptrademaster.com,Trade
mrgtrade.co.id,Trade
howotrade.ru,Trade
fbs-Id.trade,Trade
cachinatrade.org,Trade
pokervqq.trade,Trade
vwtraders.com,Trade
idnolymptrade.com,Trade
tradeinterceptor.com,Trade
zulutrade.com,Trade
clicktrades.com,Trade
fortrade.com,Trade
irontrade.com,Trade
mitrade.com,Trade
cgtrade.net,Trade
tradewindproducts.com,Trade
daoctradeskills.com,Trade
grufftrade.org,Trade
tradeplanets.com,Trade
bursa303.trade,Trade
octafxtrade.com,Trade
octafxindo.trade,Trade
idn-fbs.trade,Trade
weltrade.org,Trade
mrgtrade.com,Trade
stasiuntrader.com,Trade
cartrader.pro,Trade
wallstreettrader.pro,Trade
fxbase.trade,Trade
toto988.trade,Trade
winning365.trade,Trade
bukalapak.trade,Trade
idnfbs.trade,Trade
olymptradeidn.com,Trade
olymptradegrup.com,Trade
mrgpremieretrade.com,Trade
xm-trader.com,Trade
weltrade.live,Trade
hftrade.com,Trade
itrader.com,Trade
gictrade.io,Trade
special-trade.eu,Trade
alphareltrade.net,Trade
alparitrader.com,Trade
fbsidn.trade,Trade
hectortrade.com,Trade
intertrader.com,Trade
maxitrade.com,Trade
trademrg.com,Trade
zentrade.com,Trade
avatrade.id,Trade
i-olymptrade.com,Trade
id-fbs.trade,Trade
just2trade.online,Trade
mrgforex.trade,Trade
mrgpremieretrade.net,Trade
salmamarkets.trade,Trade
tradefxid.com,Trade
weltrade.online,Trade
xtrade.id,Trade
gainscope.trade,Trade
fbs-trade.asia,Trade
alparitrader.org,Trade
xmtradefx.com,Trade
official.olymptrade-com.com,Trade
olymptradelogin.com,Trade
olymptrade.cc,Trade
mrgpremiere.trade,Trade
astonmartintrader.co.uk,Trade
tradestoind.com,Trade
trade-fbs.asia,Trade
gasoiltrade.biz,Trade
porntrade.xyz,Trade
straddletraderpro.info,Trade
telecom-trade.ru,Trade
fbstrade.asia,Trade
olymptrade-com.com,Trade
broker-weltrade.id,Trade
samtradefx.com,Trade
traderhebatindonesia.com,Trade
gictrade.id,Trade
gictradeindo.com,Trade
firewoodfx.trade,Trade
mrgpremiereforex.trade,Trade
indonesia-olymptrade.com,Trade
olymptrade.optionindo.com,Trade
tradevalas.com,Trade
tradefaster.net,Trade
javarchive.trade,Trade
xxgifs.trade,Trade
angolatradeusa.org,Trade
business4etrade.org,Trade
fairtradeexpo.org,Trade
trade-hf.com,Trade
ifxid.trade,Trade
octafxtrade.site,Trade
ina-olymptrade.com,Trade
olymptradeclub.com,Trade
olymptradewiki.com,Trade
olymptradeid.com,Trade
id.olymptrade.trading,Trade
lifestyletraders.club,Trade
exness.trade,Trade
ninjatrader.com,Trade
fxcmtraders.com,Trade
official.olymptrade-ina.com,Trade
tradelina.com,Trade
weltrade.trade,Trade
mrgtrader.com,Trade
ctrader.com,Trade
tradersway.com,Trade
tradeviewforex.com,Trade
ecattrade.com,Trade
aximtrade.com,Trade
mrgtradernetwork.com,Trade
octafxtrade.net,Trade
salmamarket.trade,Trade
tradershome.com,Trade
olymptrade-com.id,Trade
olymptradeidn.id,Trade
omahtrade.com,Trade
smarttrader.co.id,Trade
stabletrade.co.id,Trade
xmtrade.id,Trade
iq-options.trade,Trade
mrgfx.trade,Trade
olymptrade-b.com,Trade
olymptrade-idn0.com,Trade
tradefxind.com,Trade
xmfxtrade.com,Trade
12trader.com,Trade
clickfx.trade,Trade
sosialtrade.com,Trade
weltrade.one,Trade
weltrade-indonesia.com,Trade
id-weltrade.com,Trade
olymptrade.company,Trade
official.olymptrade-a.com,Trade
olymptrade-idn1.com,Trade
stepstrader.ru,Trade
tradepornlist.com,Trade
pictrade.etags.info,Trade
official.olymptrade-s.com,Trade
mrgtrader.network,Trade
mrgindo.trade,Trade
pornlive.trade,Trade
porntrade.info,Trade
pubgtraders.net,Trade
shemaledildoporn.trade,Trade
aaatrade.com,Trade
indones-olymptrade.com,Trade
olymptraders.net,Trade
utrader.com,Trade
valutrades.com,Trade
weltrade.space,Trade
axenttrade.se,Trade
oxtrade.com,Trade
mrgid.trade,Trade
mrgtrader.net,Trade
idn-olymptrade.com,Trade
indo-olymptrade.com,Trade
indo-olymptrade.id,Trade
olymptrade.trading,Trade
panduanolymptrade.com,Trade
tradergrup.com,Trade
cfd.trade.com,Trade
weltrade.me,Trade
foodtradeesa.com,Trade
tradefund.biz,Trade
tradegt.web.fc2.com,Trade
traderdukeshotelburlingtonvt.com,Trade
tradeuzbekistan.com,Trade
pokerqq.trade,Trade
stumptowntradereview.com,Trade
forum.tradefxid.com,Trade
sportytrader.co.uk,Trade
tradevibes.com,Trade
zmartrader.com,Trade
ictrader.net,Trade
freetradeunionism.org,Trade
fbsidn-trade.com,Trade
official.olymptrade-idr.com,Trade
olymptrade-on.com,Trade
iqtrade.today,Trade
mrgtrade.net,Trade
indomrg.trade,Trade
fortrade.by,Trade
wetradefx.com,Trade
axitrader.id,Trade
aximtrade.net,Trade
autotradegold.co.id,Trade
creative-trader.com,Trade
goldautotrade.com,Trade
bwtrade.id,Trade
bwtcrotsukses.affiliatebwtrade.com,Trade
hongkongpools.trade,Trade
bonnieandclydetradedays.com,Trade
finsoctrader.com,Trade
autotrade.id,Trade
autotradegoldfx.pro,Trade
binomo-trader.com,Trade
mstradefbs.com,Trade
net89.trade,Trade
official.olymptrade-inda.com,Trade
olymptradeplt.com,Trade
olymptrade-x.com,Trade
olymptrade-x.id,Trade
oxtrade.org,Trade
pantheratrade.com,Trade
premiumoandatrade.com,Trade
smartxbot.trade,Trade
traderinstaforex.com,Trade
web-olymptrade.com,Trade
weltrade.world,Trade
bestbuytrademarksearchtess.blogspot.com,Trade
deposit.edgetrade.club,Trade
eros.edgetrade.club,Trade
hunter.edgetrade.club,Trade
neds.edgetrade.club,Trade
rodrigo.edgetrade.club,Trade
stopping.edgetrade.club,Trade
gudangmovies21.trade,Trade
crashtrade.com,Trade
tohere-trade.com,Trade
activtrades.co.uk,Trade
binomo-webtrade.com,Trade
coinvestasi-trade.com,Trade
evotrade.id,Trade
exnesstraders.com,Trade
fxtm-trade.com,Trade
fxtraderspips.com,Trade
ina-olymptrade.id,Trade
netradefx.com,Trade
olymptrade.one,Trade
olymptrade.us,Trade
olymptrade-m.com,Trade
totalfxtrader.com,Trade
trader-binomo.com,Trade
tradesto.com,Trade
urbanfxtrade.com,Trade
weltrade.guru,Trade
weltrade-id.site,Trade
sportytrader.nl,Trade
smarttrade89.com,Trade
botsautotrade.com,Trade
indogoldtrade.com,Trade
autotrade.pro,Trade
smartautotrade.com,Trade
autotradegold-real.com,Trade
autotradergold.id,Trade
autotradegold.com,Trade
autotradergold.net,Trade
fxautotradegold.com,Trade
goldtradebot.com,Trade
panthera-autotrade.com,Trade
autotradegold4.id,Trade
autotradedigital.com,Trade
autrotradenusantara.com,Trade
autotradegold.win,Trade
pantheratradegold.com,Trade
autotradegoldku.com,Trade
autotradegold4.me,Trade
autotradegold4.info,Trade
autotradegoldforex.id,Trade
autotradegoldid.com,Trade
autotradegoldjatim.id,Trade
autotradegold4.blogspot.com,Trade
autotradegoldbot.wordpress.com,Trade
autotradeku.com,Trade
autotradegold.best,Trade
pantheratrade.me,Trade
smart2tradefx.com,Trade
trade-access.org,Trade
eazy-trade.net,Trade
official.olymptrade-my.com,Trade
official.olymptrade-east.com,Trade
eaautotradegold.com,Trade
123movies.trade,Trade
auto-tradegold.com,Trade
autotrade-atg.com,Trade
autotrade-gold.id,Trade
autotrade-goldfx.com,Trade
autotradegold-a1.com,Trade
autotradegold-genx.id,Trade
autotradegold-indo.com,Trade
autotradegold.business,Trade
autotradegold.info,Trade
autotradegold.online,Trade
autotradegold.space,Trade
autotradegold.vip,Trade
autotradegold.web.id,Trade
autotradegold.websites.co.in,Trade
autotradegold4.net,Trade
autotradegoldasia.com,Trade
autotradegoldindonesia.com,Trade
autotradegoldinvest.com,Trade
autotradegoldjatim.com,Trade
autotradegoldofficial.com,Trade
autotradegoldreal.com,Trade
autotradegoldrich.com,Trade
autotradegoldrobot.com,Trade
autotradegoldsultan.com,Trade
autotradepro.net,Trade
autotraderobot.id,Trade
aximtradeindonesia.com,Trade
bot.autotrade.gold,Trade
daftarautotradegold.com,Trade
easytrade.io,Trade
exnesstrade.asia,Trade
forextraderindo.com,Trade
indotradefx.com,Trade
kisahtrader.com,Trade
mrg-indo.trade,Trade
official.olymptrade-idland.com,Trade
olymp-trade.one,Trade
olymptrade-idm.id,Trade
olymptrade.pro,Trade
oxtrade.id,Trade
robotautotrade.digital,Trade
robotautotradegold40.com,Trade
rubiktrade.com,Trade
smarxautotrade.com,Trade
trader.mitraasc.com,Trade
weltrade.zone,Trade
wetradefx.info,Trade
pantheratrade.club,Trade
smartx-traders.com,Trade
isostdstradedude28grv.recentblog.net,Trade
heptrade.com,Trade
adastradesign.net,Trade
autotradepku.com,Trade
goldtrader.id,Trade
autotradebots.net,Trade
autotradegold.app,Trade
autotrade-gold.com,Trade
autotradegold.ltd,Trade
autotrade-gold.net,Trade
autotradegold.site,Trade
autotradegoldclub.com,Trade
autotradegoldindo.click,Trade
autotradesolution.com,Trade
botautotrade.id,Trade
auto-trade.id,Trade
autotradegold40-id.com,Trade
autotradegoldpremium.com,Trade
ifx4trade.org,Trade
indogoldtrade.net,Trade
olymptrade-idm.com,Trade
tradeidsekolah.blogspot.com,Trade
cryptotraderocket.com,Trade
autotrade-ea50.com,Trade
fin888-copytrade.com,Trade
oxtradeindonesia.com,Trade
oxtrade-indonesia.co,Trade
oxtradetradingindonesia.co,Trade
tradepace.biz,Trade
slotraden.xyz,Trade
bttclub.trade,Trade
bcafx-trade.com,Trade
chatrade.net,Trade
economistsforfreetrade.com,Trade
tradeshowattractions.net,Trade
tradedirtyporn.com,Trade
globetrade.ru,Trade
aximtradeidr.com,Trade
tradeunionpress.eu,Trade
evotrade.ltd,Trade
mostradelcavallo.eu,Trade
xxphim.moderntrader.ru,Trade
best-forextrade.xyz,Trade
ingredientrade.com,Trade
livedrawputradewa.blogspot.com,Trade
